{"trial_id": "3", "hyperparameters": {"space": [{"class_name": "Int", "config": {"name": "units_1", "default": null, "conditions": [], "min_value": 32, "max_value": 128, "step": 16, "sampling": "linear"}}, {"class_name": "Float", "config": {"name": "dropout_1", "default": 0.2, "conditions": [], "min_value": 0.2, "max_value": 0.5, "step": 0.1, "sampling": "linear"}}, {"class_name": "Int", "config": {"name": "units_2", "default": null, "conditions": [], "min_value": 16, "max_value": 64, "step": 16, "sampling": "linear"}}, {"class_name": "Float", "config": {"name": "dropout_2", "default": 0.2, "conditions": [], "min_value": 0.2, "max_value": 0.5, "step": 0.1, "sampling": "linear"}}, {"class_name": "Choice", "config": {"name": "learning_rate", "default": 0.001, "conditions": [], "values": [0.001, 0.0005], "ordered": true}}], "values": {"units_1": 96, "dropout_1": 0.4, "units_2": 64, "dropout_2": 0.2, "learning_rate": 0.0005}}, "metrics": {"metrics": {"accuracy": {"direction": "max", "observations": [{"value": [0.4984070658683777], "step": 4}]}, "loss": {"direction": "min", "observations": [{"value": [4.60054224729538], "step": 4}]}, "val_accuracy": {"direction": "max", "observations": [{"value": [0.6417570114135742], "step": 4}]}, "val_loss": {"direction": "min", "observations": [{"value": [0.8646417061487833], "step": 4}]}}}, "score": 0.6417570114135742, "best_step": 4, "status": "COMPLETED", "message": null}