{"trial_id": "0", "hyperparameters": {"space": [{"class_name": "Int", "config": {"name": "units_1", "default": null, "conditions": [], "min_value": 32, "max_value": 128, "step": 16, "sampling": "linear"}}, {"class_name": "Float", "config": {"name": "dropout_1", "default": 0.2, "conditions": [], "min_value": 0.2, "max_value": 0.5, "step": 0.1, "sampling": "linear"}}, {"class_name": "Int", "config": {"name": "units_2", "default": null, "conditions": [], "min_value": 16, "max_value": 64, "step": 16, "sampling": "linear"}}, {"class_name": "Float", "config": {"name": "dropout_2", "default": 0.2, "conditions": [], "min_value": 0.2, "max_value": 0.5, "step": 0.1, "sampling": "linear"}}, {"class_name": "Choice", "config": {"name": "learning_rate", "default": 0.001, "conditions": [], "values": [0.001, 0.0005], "ordered": true}}], "values": {"units_1": 96, "dropout_1": 0.30000000000000004, "units_2": 48, "dropout_2": 0.30000000000000004, "learning_rate": 0.001}}, "metrics": {"metrics": {"accuracy": {"direction": "max", "observations": [{"value": [0.5023338596026102], "step": 16}]}, "loss": {"direction": "min", "observations": [{"value": [0.7269198894500732], "step": 16}]}, "val_accuracy": {"direction": "max", "observations": [{"value": [0.6425175865491232], "step": 16}]}, "val_loss": {"direction": "min", "observations": [{"value": [0.6969475150108337], "step": 16}]}}}, "score": 0.6425175865491232, "best_step": 16, "status": "COMPLETED", "message": null}