{"ongoing_trials": {}, "hyperparameters": {"space": [{"class_name": "Int", "config": {"name": "units_1", "default": null, "conditions": [], "min_value": 32, "max_value": 128, "step": 16, "sampling": "linear"}}, {"class_name": "Float", "config": {"name": "dropout_1", "default": 0.2, "conditions": [], "min_value": 0.2, "max_value": 0.5, "step": 0.1, "sampling": "linear"}}, {"class_name": "Int", "config": {"name": "units_2", "default": null, "conditions": [], "min_value": 16, "max_value": 64, "step": 16, "sampling": "linear"}}, {"class_name": "Float", "config": {"name": "dropout_2", "default": 0.2, "conditions": [], "min_value": 0.2, "max_value": 0.5, "step": 0.1, "sampling": "linear"}}, {"class_name": "Choice", "config": {"name": "learning_rate", "default": 0.001, "conditions": [], "values": [0.001, 0.0005], "ordered": true}}], "values": {"units_1": 32, "dropout_1": 0.2, "units_2": 16, "dropout_2": 0.2, "learning_rate": 0.001}}, "start_order": ["0", "1", "2", "3", "4"], "end_order": ["0", "1", "2", "3", "4"], "run_times": {"0": 1, "1": 1, "2": 1, "3": 1, "4": 1}, "retry_queue": [], "seed": 5021, "seed_state": 5046, "tried_so_far": ["11d206ef56829379923b0b00f1f40dff", "d72a1ff09d4af91c189ee92227b2d8ed", "339aa1440378204465b41f0b9badee2c", "fbcb95e7604c480f94bfaaf20317cee5", "5ace9a51b940608a0b0bd09250273f4d"], "id_to_hash": {"0": "d72a1ff09d4af91c189ee92227b2d8ed", "1": "339aa1440378204465b41f0b9badee2c", "2": "11d206ef56829379923b0b00f1f40dff", "3": "fbcb95e7604c480f94bfaaf20317cee5", "4": "5ace9a51b940608a0b0bd09250273f4d"}, "display": {"search_start": "2024-12-08T23:18:12.686171", "trial_start": {"0": "2024-12-08T23:18:12.686171", "1": "2024-12-08T23:19:21.712890", "2": "2024-12-08T23:20:36.247652", "3": "2024-12-08T23:21:55.369621", "4": "2024-12-08T23:23:17.331908"}, "trial_number": {"0": 1, "1": 2, "2": 3, "3": 4, "4": 5}}}