{"trial_id": "2", "hyperparameters": {"space": [{"class_name": "Int", "config": {"name": "units_1", "default": null, "conditions": [], "min_value": 32, "max_value": 128, "step": 16, "sampling": "linear"}}, {"class_name": "Float", "config": {"name": "dropout_1", "default": 0.2, "conditions": [], "min_value": 0.2, "max_value": 0.5, "step": 0.1, "sampling": "linear"}}, {"class_name": "Int", "config": {"name": "units_2", "default": null, "conditions": [], "min_value": 16, "max_value": 64, "step": 16, "sampling": "linear"}}, {"class_name": "Float", "config": {"name": "dropout_2", "default": 0.2, "conditions": [], "min_value": 0.2, "max_value": 0.5, "step": 0.1, "sampling": "linear"}}, {"class_name": "Choice", "config": {"name": "learning_rate", "default": 0.001, "conditions": [], "values": [0.001, 0.0005], "ordered": true}}], "values": {"units_1": 96, "dropout_1": 0.2, "units_2": 48, "dropout_2": 0.4, "learning_rate": 0.001}}, "metrics": {"metrics": {"accuracy": {"direction": "max", "observations": [{"value": [0.4982588787873586], "step": 14}]}, "loss": {"direction": "min", "observations": [{"value": [6.315598368644714], "step": 14}]}, "val_accuracy": {"direction": "max", "observations": [{"value": [0.6419471502304077], "step": 14}]}, "val_loss": {"direction": "min", "observations": [{"value": [0.6964537700017294], "step": 14}]}}}, "score": 0.6419471502304077, "best_step": 14, "status": "COMPLETED", "message": null}